Element Id,Family,Type,Level,Doors Count,Entourage Count,Furniture Count,Generic Models Count,Lighting Fixtures Count,Windows Count,Actual Lighting Load,Actual Lighting Load per area,Actual Power Load,Actual Power Load per area,Area,Area per Person,Base Lighting Load on,Base Offset,Base Power Load on,Calculated Cooling Load per area,Calculated Heating Load per area,Calculated Supply Airflow per area,Category,Computation Height,Export to IFC,Heat Load Values,IfcGUID,Latent Heat Gain per person,Lighting Load Units,Limit Offset,Name,Number,Number of People,Perimeter,Phase,Phase Id,Plenum Lighting Contribution,Power Load Units,Sensible Heat Gain per person,Specified Lighting Load,Specified Lighting Load per area,Specified Power Load,Specified Power Load per area,Total Heat Gain per person,Unbounded Height,Upper Limit
177056,,,Unknown,2,0,0,0,0,0,0 W,0.00 W/m²,0 W,0.00 W/m²,41 m²,29 m²,-1,0,-1,0.00 W/m²,0.00 W/m²,0.00 L/(s·m²),-2000160,1200,0,-1,1GE3M13VHAWxhxwcp39Emh,59 W,0,4000,Vest.,101,0,39889,New Construction,New Construction,20.00%,0,73 W,0 W,10.76 W/m²,0 W,13.99 W/m²,132 W,4000,01 - Entry Level
177304,,,Unknown,10,0,0,0,0,0,0 W,0.00 W/m²,0 W,0.00 W/m²,327 m²,29 m²,-1,0,-1,0.00 W/m²,0.00 W/m²,0.00 L/(s·m²),-2000160,1200,0,-1,1GE3M13VHAWxhxwcp39EiJ,59 W,0,4229,Lobby,102,0,114451,New Construction,New Construction,20.00%,0,73 W,0 W,10.76 W/m²,0 W,13.99 W/m²,132 W,4229,01 - Entry Level
177305,,,Unknown,1,0,75,0,0,0,0 W,0.00 W/m²,0 W,0.00 W/m²,147 m²,29 m²,-1,0,-1,0.00 W/m²,0.00 W/m²,0.00 L/(s·m²),-2000160,1200,0,-1,1GE3M13VHAWxhxwcp39EiI,59 W,0,4000,Cafeteria,121,0,60109,New Construction,New Construction,20.00%,0,73 W,0 W,10.76 W/m²,0 W,13.99 W/m²,132 W,4000,01 - Entry Level
177306,,,Unknown,1,0,0,0,0,2,0 W,0.00 W/m²,0 W,0.00 W/m²,22 m²,29 m²,-1,0,-1,0.00 W/m²,0.00 W/m²,0.00 L/(s·m²),-2000160,1200,0,-1,1GE3M13VHAWxhxwcp39EiH,59 W,0,4000,Prep/Dish,122,0,19266,New Construction,New Construction,20.00%,0,73 W,0 W,10.76 W/m²,0 W,13.99 W/m²,132 W,4000,01 - Entry Level
177307,,,Unknown,1,0,0,0,0,0,0 W,0.00 W/m²,0 W,0.00 W/m²,8 m²,29 m²,-1,0,-1,0.00 W/m²,0.00 W/m²,0.00 L/(s·m²),-2000160,1200,0,-1,1GE3M13VHAWxhxwcp39EiG,59 W,0,4000,Dry Storage,124,0,12072,New Construction,New Construction,20.00%,0,73 W,0 W,10.76 W/m²,0 W,13.99 W/m²,132 W,4000,01 - Entry Level
177308,,,Unknown,0,0,0,0,0,0,0 W,0.00 W/m²,0 W,0.00 W/m²,6 m²,29 m²,-1,0,-1,0.00 W/m²,0.00 W/m²,0.00 L/(s·m²),-2000160,1200,0,-1,1GE3M13VHAWxhxwcp39EiN,59 W,0,4000,Electrical,125,0,10574,New Construction,New Construction,20.00%,0,73 W,0 W,10.76 W/m²,0 W,13.99 W/m²,132 W,4000,01 - Entry Level
177309,,,Unknown,0,0,0,0,0,4,0 W,0.00 W/m²,0 W,0.00 W/m²,42 m²,29 m²,-1,0,-1,0.00 W/m²,0.00 W/m²,0.00 L/(s·m²),-2000160,1200,0,-1,1GE3M13VHAWxhxwcp39EiM,59 W,0,4000,Conference,123,0,29034,New Construction,New Construction,20.00%,0,73 W,0 W,10.76 W/m²,0 W,13.99 W/m²,132 W,4000,01 - Entry Level
177310,,,Unknown,1,0,0,0,0,0,0 W,0.00 W/m²,0 W,0.00 W/m²,15 m²,29 m²,-1,0,-1,0.00 W/m²,0.00 W/m²,0.00 L/(s·m²),-2000160,1200,0,-1,1GE3M13VHAWxhxwcp39EiL,59 W,0,4000,Office,127,0,18198,New Construction,New Construction,20.00%,0,73 W,0 W,10.76 W/m²,0 W,13.99 W/m²,132 W,4000,01 - Entry Level
177311,,,Unknown,1,0,0,0,0,0,0 W,0.00 W/m²,0 W,0.00 W/m²,16 m²,29 m²,-1,0,-1,0.00 W/m²,0.00 W/m²,0.00 L/(s·m²),-2000160,1200,0,-1,1GE3M13VHAWxhxwcp39EiK,59 W,0,4000,Admin,126,0,17676,New Construction,New Construction,20.00%,0,73 W,0 W,10.76 W/m²,0 W,13.99 W/m²,132 W,4000,01 - Entry Level
177312,,,Unknown,0,0,0,0,0,0,0 W,0.00 W/m²,0 W,0.00 W/m²,10 m²,29 m²,-1,0,-1,0.00 W/m²,0.00 W/m²,0.00 L/(s·m²),-2000160,1200,0,-1,1GE3M13VHAWxhxwcp39Eih,59 W,0,4000,Storage,128,0,12459,New Construction,New Construction,20.00%,0,73 W,0 W,10.76 W/m²,0 W,13.99 W/m²,132 W,4000,01 - Entry Level
177313,,,Unknown,0,0,0,0,0,0,0 W,0.00 W/m²,0 W,0.00 W/m²,6 m²,29 m²,-1,0,-1,0.00 W/m²,0.00 W/m²,0.00 L/(s·m²),-2000160,1200,0,-1,1GE3M13VHAWxhxwcp39Eig,59 W,0,4000,Toilet,129,0,9465,New Construction,New Construction,20.00%,0,73 W,0 W,10.76 W/m²,0 W,13.99 W/m²,132 W,4000,01 - Entry Level
177314,,,Unknown,1,0,0,0,0,0,0 W,0.00 W/m²,0 W,0.00 W/m²,19 m²,29 m²,-1,0,-1,0.00 W/m²,0.00 W/m²,0.00 L/(s·m²),-2000160,1200,0,-1,1GE3M13VHAWxhxwcp39Eif,59 W,0,4000,Stair,130,0,19612,New Construction,New Construction,20.00%,0,73 W,0 W,10.76 W/m²,0 W,13.99 W/m²,132 W,4000,01 - Entry Level
177315,,,Unknown,5,0,0,0,0,0,0 W,0.00 W/m²,0 W,0.00 W/m²,55 m²,29 m²,-1,0,-1,0.00 W/m²,0.00 W/m²,0.00 L/(s·m²),-2000160,1200,0,-1,1GE3M13VHAWxhxwcp39Eie,59 W,0,3486,Corridor,131,0,47682,New Construction,New Construction,20.00%,0,73 W,0 W,10.76 W/m²,0 W,13.99 W/m²,132 W,3486,01 - Entry Level
177316,,,Unknown,1,0,0,0,0,0,0 W,0.00 W/m²,0 W,0.00 W/m²,9 m²,29 m²,-1,0,-1,0.00 W/m²,0.00 W/m²,0.00 L/(s·m²),-2000160,1200,0,-1,1GE3M13VHAWxhxwcp39Eil,59 W,0,4000,Sprinkler,119,0,12095,New Construction,New Construction,20.00%,0,73 W,0 W,10.76 W/m²,0 W,13.99 W/m²,132 W,4000,01 - Entry Level
177317,,,Unknown,1,0,0,0,0,0,0 W,0.00 W/m²,0 W,0.00 W/m²,17 m²,29 m²,-1,0,-1,0.00 W/m²,0.00 W/m²,0.00 L/(s·m²),-2000160,1200,0,-1,1GE3M13VHAWxhxwcp39Eik,59 W,0,4000,Electrical,118,0,17918,New Construction,New Construction,20.00%,0,73 W,0 W,10.76 W/m²,0 W,13.99 W/m²,132 W,4000,01 - Entry Level
177318,,,Unknown,0,0,0,0,0,0,0 W,0.00 W/m²,0 W,0.00 W/m²,49 m²,29 m²,-1,0,-1,0.00 W/m²,0.00 W/m²,0.00 L/(s·m²),-2000160,1200,0,-1,1GE3M13VHAWxhxwcp39Eij,59 W,0,4000,Instruction,117,0,30169,New Construction,New Construction,20.00%,0,73 W,0 W,10.76 W/m²,0 W,13.99 W/m²,132 W,4000,01 - Entry Level
177319,,,Unknown,1,0,0,0,0,0,0 W,0.00 W/m²,0 W,0.00 W/m²,41 m²,29 m²,-1,0,-1,0.00 W/m²,0.00 W/m²,0.00 L/(s·m²),-2000160,1200,0,-1,1GE3M13VHAWxhxwcp39Eii,59 W,0,4000,Lounge,120,0,27603,New Construction,New Construction,20.00%,0,73 W,0 W,10.76 W/m²,0 W,13.99 W/m²,132 W,4000,01 - Entry Level
177320,,,Unknown,0,0,0,0,0,0,0 W,0.00 W/m²,0 W,0.00 W/m²,32 m²,29 m²,-1,0,-1,0.00 W/m²,0.00 W/m²,0.00 L/(s·m²),-2000160,1200,0,-1,1GE3M13VHAWxhxwcp39EiZ,59 W,0,4000,Conference,116,0,26031,New Construction,New Construction,20.00%,0,73 W,0 W,10.76 W/m²,0 W,13.99 W/m²,132 W,4000,01 - Entry Level
177321,,,Unknown,0,0,0,0,0,0,0 W,0.00 W/m²,0 W,0.00 W/m²,127 m²,29 m²,-1,0,-1,0.00 W/m²,0.00 W/m²,0.00 L/(s·m²),-2000160,1200,0,-1,1GE3M13VHAWxhxwcp39EiY,59 W,0,4000,Instruction,115,0,52080,New Construction,New Construction,20.00%,0,73 W,0 W,10.76 W/m²,0 W,13.99 W/m²,132 W,4000,01 - Entry Level
177322,,,Unknown,0,0,0,0,0,0,0 W,0.00 W/m²,0 W,0.00 W/m²,19 m²,29 m²,-1,0,-1,0.00 W/m²,0.00 W/m²,0.00 L/(s·m²),-2000160,1200,0,-1,1GE3M13VHAWxhxwcp39EiX,59 W,0,4000,Stair,114,0,19812,New Construction,New Construction,20.00%,0,73 W,0 W,10.76 W/m²,0 W,13.99 W/m²,132 W,4000,01 - Entry Level
177324,,,Unknown,0,0,0,0,0,0,0 W,0.00 W/m²,0 W,0.00 W/m²,7 m²,29 m²,-1,0,-1,0.00 W/m²,0.00 W/m²,0.00 L/(s·m²),-2000160,1200,0,-1,1GE3M13VHAWxhxwcp39Eid,59 W,0,4000,Electrical,112,0,10857,New Construction,New Construction,20.00%,0,73 W,0 W,10.76 W/m²,0 W,13.99 W/m²,132 W,4000,01 - Entry Level
177325,,,Unknown,0,0,0,0,0,0,0 W,0.00 W/m²,0 W,0.00 W/m²,38 m²,29 m²,-1,0,-1,0.00 W/m²,0.00 W/m²,0.00 L/(s·m²),-2000160,1200,0,-1,1GE3M13VHAWxhxwcp39Eic,59 W,0,4000,Lounge,111,0,28608,New Construction,New Construction,20.00%,0,73 W,0 W,10.76 W/m²,0 W,13.99 W/m²,132 W,4000,01 - Entry Level
177326,,,Unknown,0,0,0,0,0,0,0 W,0.00 W/m²,0 W,0.00 W/m²,14 m²,29 m²,-1,0,-1,0.00 W/m²,0.00 W/m²,0.00 L/(s·m²),-2000160,1200,0,-1,1GE3M13VHAWxhxwcp39Eib,59 W,0,4000,Men,110,0,16316,New Construction,New Construction,20.00%,0,73 W,0 W,10.76 W/m²,0 W,13.99 W/m²,132 W,4000,01 - Entry Level
177328,,,Unknown,0,0,0,0,0,0,0 W,0.00 W/m²,0 W,0.00 W/m²,13 m²,29 m²,-1,0,-1,0.00 W/m²,0.00 W/m²,0.00 L/(s·m²),-2000160,1200,0,-1,1GE3M13VHAWxhxwcp39Eix,59 W,0,4000,Women,109,0,16121,New Construction,New Construction,20.00%,0,73 W,0 W,10.76 W/m²,0 W,13.99 W/m²,132 W,4000,01 - Entry Level
177329,,,Unknown,11,0,0,0,0,0,0 W,0.00 W/m²,0 W,0.00 W/m²,137 m²,29 m²,-1,0,-1,0.00 W/m²,0.00 W/m²,0.00 L/(s·m²),-2000160,1200,0,-1,1GE3M13VHAWxhxwcp39Eiw,59 W,0,4000,Corridor,107,0,114771,New Construction,New Construction,20.00%,0,73 W,0 W,10.76 W/m²,0 W,13.99 W/m²,132 W,4000,01 - Entry Level
177330,,,Unknown,0,0,0,0,0,0,0 W,0.00 W/m²,0 W,0.00 W/m²,89 m²,29 m²,-1,0,-1,0.00 W/m²,0.00 W/m²,0.00 L/(s·m²),-2000160,1200,0,-1,1GE3M13VHAWxhxwcp39Eiv,59 W,0,4000,Instruction,108,0,42149,New Construction,New Construction,20.00%,0,73 W,0 W,10.76 W/m²,0 W,13.99 W/m²,132 W,4000,01 - Entry Level
177331,,,Unknown,0,0,0,0,0,0,0 W,0.00 W/m²,0 W,0.00 W/m²,48 m²,29 m²,-1,0,-1,0.00 W/m²,0.00 W/m²,0.00 L/(s·m²),-2000160,1200,0,-1,1GE3M13VHAWxhxwcp39Eiu,59 W,0,4000,Instruction,106,0,30031,New Construction,New Construction,20.00%,0,73 W,0 W,10.76 W/m²,0 W,13.99 W/m²,132 W,4000,01 - Entry Level
177332,,,Unknown,0,0,0,0,0,0,0 W,0.00 W/m²,0 W,0.00 W/m²,97 m²,29 m²,-1,0,-1,0.00 W/m²,0.00 W/m²,0.00 L/(s·m²),-2000160,1200,0,-1,1GE3M13VHAWxhxwcp39Ei$,59 W,0,4000,Instruction,105,0,43916,New Construction,New Construction,20.00%,0,73 W,0 W,10.76 W/m²,0 W,13.99 W/m²,132 W,4000,01 - Entry Level
177333,,,Unknown,0,0,0,0,0,0,0 W,0.00 W/m²,0 W,0.00 W/m²,48 m²,29 m²,-1,0,-1,0.00 W/m²,0.00 W/m²,0.00 L/(s·m²),-2000160,1200,0,-1,1GE3M13VHAWxhxwcp39Ei_,59 W,0,4000,Instruction,104,0,30031,New Construction,New Construction,20.00%,0,73 W,0 W,10.76 W/m²,0 W,13.99 W/m²,132 W,4000,01 - Entry Level
177334,,,Unknown,0,0,0,0,0,0,0 W,0.00 W/m²,0 W,0.00 W/m²,47 m²,29 m²,-1,0,-1,0.00 W/m²,0.00 W/m²,0.00 L/(s·m²),-2000160,1200,0,-1,1GE3M13VHAWxhxwcp39Eiz,59 W,0,4000,Conference,103,0,27912,New Construction,New Construction,20.00%,0,73 W,0 W,10.76 W/m²,0 W,13.99 W/m²,132 W,4000,01 - Entry Level
177335,,,Unknown,2,0,0,0,0,0,0 W,0.00 W/m²,0 W,0.00 W/m²,19 m²,29 m²,-1,0,-1,0.00 W/m²,0.00 W/m²,0.00 L/(s·m²),-2000160,1200,0,-1,1GE3M13VHAWxhxwcp39Eiy,59 W,0,4000,Stair,132,0,19812,New Construction,New Construction,20.00%,0,73 W,0 W,10.76 W/m²,0 W,13.99 W/m²,132 W,4000,01 - Entry Level
214958,,,Unknown,1,0,0,0,0,0,0 W,0.00 W/m²,0 W,0.00 W/m²,19 m²,29 m²,-1,0,-1,0.00 W/m²,0.00 W/m²,0.00 L/(s·m²),-2000160,1200,0,-1,2dcjqNU0z9dgXZ44gQgewm,59 W,0,2438,Stair,201,0,20012,New Construction,New Construction,20.00%,0,73 W,0 W,10.76 W/m²,0 W,13.99 W/m²,132 W,2438,02 - Floor
214966,,,Unknown,0,0,0,0,0,0,0 W,0.00 W/m²,0 W,0.00 W/m²,31 m²,29 m²,-1,0,-1,0.00 W/m²,0.00 W/m²,0.00 L/(s·m²),-2000160,1200,0,-1,2dcjqNU0z9dgXZ44gQgewe,59 W,0,2438,Instruction,202,0,23912,New Construction,New Construction,20.00%,0,73 W,0 W,10.76 W/m²,0 W,13.99 W/m²,132 W,2438,02 - Floor
214968,,,Unknown,0,0,0,0,0,0,0 W,0.00 W/m²,0 W,0.00 W/m²,32 m²,29 m²,-1,0,-1,0.00 W/m²,0.00 W/m²,0.00 L/(s·m²),-2000160,1200,0,-1,2dcjqNU0z9dgXZ44gQgewc,59 W,0,2438,Computer Lab,203,0,24146,New Construction,New Construction,20.00%,0,73 W,0 W,10.76 W/m²,0 W,13.99 W/m²,132 W,2438,02 - Floor
214970,,,Unknown,0,0,0,0,0,0,0 W,0.00 W/m²,0 W,0.00 W/m²,48 m²,29 m²,-1,0,-1,0.00 W/m²,0.00 W/m²,0.00 L/(s·m²),-2000160,1200,0,-1,2dcjqNU0z9dgXZ44gQgewa,59 W,0,2438,Instruction,204,0,29453,New Construction,New Construction,20.00%,0,73 W,0 W,10.76 W/m²,0 W,13.99 W/m²,132 W,2438,02 - Floor
214977,,,Unknown,0,0,0,0,0,0,0 W,0.00 W/m²,0 W,0.00 W/m²,32 m²,29 m²,-1,0,-1,0.00 W/m²,0.00 W/m²,0.00 L/(s·m²),-2000160,1200,0,-1,2dcjqNU0z9dgXZ44gQgexV,59 W,0,2438,Instruction,205,0,26031,New Construction,New Construction,20.00%,0,73 W,0 W,10.76 W/m²,0 W,13.99 W/m²,132 W,2438,02 - Floor
214987,,,Unknown,10,0,0,0,0,0,0 W,0.00 W/m²,0 W,0.00 W/m²,138 m²,29 m²,-1,0,-1,0.00 W/m²,0.00 W/m²,0.00 L/(s·m²),-2000160,1200,0,-1,2dcjqNU0z9dgXZ44gQgexL,59 W,0,2438,Corridor,235,0,114870,New Construction,New Construction,20.00%,0,73 W,0 W,10.76 W/m²,0 W,13.99 W/m²,132 W,2438,02 - Floor
214989,,,Unknown,0,0,0,0,0,0,0 W,0.00 W/m²,0 W,0.00 W/m²,13 m²,29 m²,-1,0,-1,0.00 W/m²,0.00 W/m²,0.00 L/(s·m²),-2000160,1200,0,-1,2dcjqNU0z9dgXZ44gQgexJ,59 W,0,2438,Men,210,0,16121,New Construction,New Construction,20.00%,0,73 W,0 W,10.76 W/m²,0 W,13.99 W/m²,132 W,2438,02 - Floor
215097,,,Unknown,0,0,0,0,0,0,0 W,0.00 W/m²,0 W,0.00 W/m²,14 m²,29 m²,-1,0,-1,0.00 W/m²,0.00 W/m²,0.00 L/(s·m²),-2000160,1200,0,-1,2dcjqNU0z9dgXZ44gQge4d,59 W,0,2438,Women,211,0,16316,New Construction,New Construction,20.00%,0,73 W,0 W,10.76 W/m²,0 W,13.99 W/m²,132 W,2438,02 - Floor
215099,,,Unknown,0,0,0,0,0,0,0 W,0.00 W/m²,0 W,0.00 W/m²,38 m²,29 m²,-1,0,-1,0.00 W/m²,0.00 W/m²,0.00 L/(s·m²),-2000160,1200,0,-1,2dcjqNU0z9dgXZ44gQge4b,59 W,0,2438,Lounge,212,0,28608,New Construction,New Construction,20.00%,0,73 W,0 W,10.76 W/m²,0 W,13.99 W/m²,132 W,2438,02 - Floor
215101,,,Unknown,0,0,0,0,0,0,0 W,0.00 W/m²,0 W,0.00 W/m²,7 m²,29 m²,-1,0,-1,0.00 W/m²,0.00 W/m²,0.00 L/(s·m²),-2000160,1200,0,-1,2dcjqNU0z9dgXZ44gQge4Z,59 W,0,2438,Electrical,214,0,10857,New Construction,New Construction,20.00%,0,73 W,0 W,10.76 W/m²,0 W,13.99 W/m²,132 W,2438,02 - Floor
215103,,,Unknown,9,0,0,0,14,0,0 W,0.00 W/m²,0 W,0.00 W/m²,285 m²,29 m²,-1,0,-1,0.00 W/m²,0.00 W/m²,0.00 L/(s·m²),-2000160,1200,0,-1,2dcjqNU0z9dgXZ44gQge4X,59 W,0,2438,Lobby,216,0,99710,New Construction,New Construction,20.00%,0,73 W,0 W,10.76 W/m²,0 W,13.99 W/m²,132 W,2438,02 - Floor
215105,,,Unknown,0,0,0,0,0,0,0 W,0.00 W/m²,0 W,0.00 W/m²,19 m²,29 m²,-1,0,-1,0.00 W/m²,0.00 W/m²,0.00 L/(s·m²),-2000160,1200,0,-1,2dcjqNU0z9dgXZ44gQge5V,59 W,0,2438,Stair,217,0,19812,New Construction,New Construction,20.00%,0,73 W,0 W,10.76 W/m²,0 W,13.99 W/m²,132 W,2438,02 - Floor
215118,,,Unknown,0,0,0,0,0,0,0 W,0.00 W/m²,0 W,0.00 W/m²,94 m²,29 m²,-1,0,-1,0.00 W/m²,0.00 W/m²,0.00 L/(s·m²),-2000160,1200,0,-1,2dcjqNU0z9dgXZ44gQge5G,59 W,0,2438,Instruction,218,0,45023,New Construction,New Construction,20.00%,0,73 W,0 W,10.76 W/m²,0 W,13.99 W/m²,132 W,2438,02 - Floor
215120,,,Unknown,0,0,0,0,0,0,0 W,0.00 W/m²,0 W,0.00 W/m²,122 m²,29 m²,-1,0,-1,0.00 W/m²,0.00 W/m²,0.00 L/(s·m²),-2000160,1200,0,-1,2dcjqNU0z9dgXZ44gQge5E,59 W,0,2438,Library,219,0,54254,New Construction,New Construction,20.00%,0,73 W,0 W,10.76 W/m²,0 W,13.99 W/m²,132 W,2438,02 - Floor
215122,,,Unknown,0,0,0,0,0,0,0 W,0.00 W/m²,0 W,0.00 W/m²,16 m²,29 m²,-1,0,-1,0.00 W/m²,0.00 W/m²,0.00 L/(s·m²),-2000160,1200,0,-1,2dcjqNU0z9dgXZ44gQge5C,59 W,0,2438,Electrical,220,0,16646,New Construction,New Construction,20.00%,0,73 W,0 W,10.76 W/m²,0 W,13.99 W/m²,132 W,2438,02 - Floor
215124,,,Unknown,0,0,0,0,0,0,0 W,0.00 W/m²,0 W,0.00 W/m²,41 m²,29 m²,-1,0,-1,0.00 W/m²,0.00 W/m²,0.00 L/(s·m²),-2000160,1200,0,-1,2dcjqNU0z9dgXZ44gQge5A,59 W,0,2438,Instruction,221,0,28231,New Construction,New Construction,20.00%,0,73 W,0 W,10.76 W/m²,0 W,13.99 W/m²,132 W,2438,02 - Floor
215138,,,Unknown,0,0,0,0,0,0,0 W,0.00 W/m²,0 W,0.00 W/m²,55 m²,29 m²,-1,0,-1,0.00 W/m²,0.00 W/m²,0.00 L/(s·m²),-2000160,1200,0,-1,2dcjqNU0z9dgXZ44gQge5y,59 W,0,2438,Computer Lab,222,0,43119,New Construction,New Construction,20.00%,0,73 W,0 W,10.76 W/m²,0 W,13.99 W/m²,132 W,2438,02 - Floor
215140,,,Unknown,2,0,0,0,0,0,0 W,0.00 W/m²,0 W,0.00 W/m²,133 m²,29 m²,-1,0,-1,0.00 W/m²,0.00 W/m²,0.00 L/(s·m²),-2000160,1200,0,-1,2dcjqNU0z9dgXZ44gQge5w,59 W,0,2438,Lounge,223,0,56704,New Construction,New Construction,20.00%,0,73 W,0 W,10.76 W/m²,0 W,13.99 W/m²,132 W,2438,02 - Floor
215167,,,Unknown,0,0,0,0,0,0,0 W,0.00 W/m²,0 W,0.00 W/m²,35 m²,29 m²,-1,0,-1,0.00 W/m²,0.00 W/m²,0.00 L/(s·m²),-2000160,1200,0,-1,2dcjqNU0z9dgXZ44gQge5X,59 W,0,2438,Caferteria,224,0,29963,New Construction,New Construction,20.00%,0,73 W,0 W,10.76 W/m²,0 W,13.99 W/m²,132 W,2438,02 - Floor
215169,,,Unknown,0,0,0,0,0,0,0 W,0.00 W/m²,0 W,0.00 W/m²,7 m²,29 m²,-1,0,-1,0.00 W/m²,0.00 W/m²,0.00 L/(s·m²),-2000160,1200,0,-1,2dcjqNU0z9dgXZ44gQge6V,59 W,0,2438,Women,225,0,10682,New Construction,New Construction,20.00%,0,73 W,0 W,10.76 W/m²,0 W,13.99 W/m²,132 W,2438,02 - Floor
215171,,,Unknown,0,0,0,0,0,0,0 W,0.00 W/m²,0 W,0.00 W/m²,7 m²,29 m²,-1,0,-1,0.00 W/m²,0.00 W/m²,0.00 L/(s·m²),-2000160,1200,0,-1,2dcjqNU0z9dgXZ44gQge6T,59 W,0,2438,Men,226,0,10946,New Construction,New Construction,20.00%,0,73 W,0 W,10.76 W/m²,0 W,13.99 W/m²,132 W,2438,02 - Floor
215173,,,Unknown,1,0,0,0,0,0,0 W,0.00 W/m²,0 W,0.00 W/m²,5 m²,29 m²,-1,0,-1,0.00 W/m²,0.00 W/m²,0.00 L/(s·m²),-2000160,1200,0,-1,2dcjqNU0z9dgXZ44gQge6R,59 W,0,2438,Electrical,227,0,9182,New Construction,New Construction,20.00%,0,73 W,0 W,10.76 W/m²,0 W,13.99 W/m²,132 W,2438,02 - Floor
215175,,,Unknown,0,0,0,0,0,2,0 W,0.00 W/m²,0 W,0.00 W/m²,12 m²,29 m²,-1,0,-1,0.00 W/m²,0.00 W/m²,0.00 L/(s·m²),-2000160,1200,0,-1,2dcjqNU0z9dgXZ44gQge6P,59 W,0,2438,Copy/Print,228,0,14046,New Construction,New Construction,20.00%,0,73 W,0 W,10.76 W/m²,0 W,13.99 W/m²,132 W,2438,02 - Floor
215177,,,Unknown,1,0,0,0,0,3,0 W,0.00 W/m²,0 W,0.00 W/m²,40 m²,29 m²,-1,0,-1,0.00 W/m²,0.00 W/m²,0.00 L/(s·m²),-2000160,1200,0,-1,2dcjqNU0z9dgXZ44gQge6N,59 W,0,2438,Administration,229,0,27809,New Construction,New Construction,20.00%,0,73 W,0 W,10.76 W/m²,0 W,13.99 W/m²,132 W,2438,02 - Floor
215179,,,Unknown,0,0,0,0,0,1,0 W,0.00 W/m²,0 W,0.00 W/m²,15 m²,29 m²,-1,0,-1,0.00 W/m²,0.00 W/m²,0.00 L/(s·m²),-2000160,1200,0,-1,2dcjqNU0z9dgXZ44gQge6L,59 W,0,2438,Office,230,0,17688,New Construction,New Construction,20.00%,0,73 W,0 W,10.76 W/m²,0 W,13.99 W/m²,132 W,2438,02 - Floor
215192,,,Unknown,0,0,0,0,0,3,0 W,0.00 W/m²,0 W,0.00 W/m²,25 m²,29 m²,-1,0,-1,0.00 W/m²,0.00 W/m²,0.00 L/(s·m²),-2000160,1200,0,-1,2dcjqNU0z9dgXZ44gQge66,59 W,0,2438,Office,231,0,20397,New Construction,New Construction,20.00%,0,73 W,0 W,10.76 W/m²,0 W,13.99 W/m²,132 W,2438,02 - Floor
215194,,,Unknown,0,0,0,0,0,0,0 W,0.00 W/m²,0 W,0.00 W/m²,6 m²,29 m²,-1,0,-1,0.00 W/m²,0.00 W/m²,0.00 L/(s·m²),-2000160,1200,0,-1,2dcjqNU0z9dgXZ44gQge64,59 W,0,2438,Toilet,232,0,9465,New Construction,New Construction,20.00%,0,73 W,0 W,10.76 W/m²,0 W,13.99 W/m²,132 W,2438,02 - Floor
215196,,,Unknown,0,0,0,0,0,0,0 W,0.00 W/m²,0 W,0.00 W/m²,19 m²,29 m²,-1,0,-1,0.00 W/m²,0.00 W/m²,0.00 L/(s·m²),-2000160,1200,0,-1,2dcjqNU0z9dgXZ44gQge62,59 W,0,2438,Stair,233,0,19812,New Construction,New Construction,20.00%,0,73 W,0 W,10.76 W/m²,0 W,13.99 W/m²,132 W,2438,02 - Floor
215198,,,Unknown,7,0,0,0,0,0,0 W,0.00 W/m²,0 W,0.00 W/m²,116 m²,29 m²,-1,0,-1,0.00 W/m²,0.00 W/m²,0.00 L/(s·m²),-2000160,1200,0,-1,2dcjqNU0z9dgXZ44gQge60,59 W,0,2438,Corridor,234,0,86468,New Construction,New Construction,20.00%,0,73 W,0 W,10.76 W/m²,0 W,13.99 W/m²,132 W,2438,02 - Floor
215241,,,Unknown,1,0,0,0,0,0,0 W,0.00 W/m²,0 W,0.00 W/m²,19 m²,29 m²,-1,0,-1,0.00 W/m²,0.00 W/m²,0.00 L/(s·m²),-2000160,1200,0,-1,3Yc17Oys91HBxqG5CiJ1_p,59 W,0,2438,Stair,301,0,20012,New Construction,New Construction,20.00%,0,73 W,0 W,10.76 W/m²,0 W,13.99 W/m²,132 W,2438,03 - Floor
215247,,,Unknown,1,0,0,0,0,0,0 W,0.00 W/m²,0 W,0.00 W/m²,80 m²,29 m²,-1,0,-1,0.00 W/m²,0.00 W/m²,0.00 L/(s·m²),-2000160,1200,0,-1,3Yc17Oys91HBxqG5CiJ1_r,59 W,0,2438,Instruction,302,0,37797,New Construction,New Construction,20.00%,0,73 W,0 W,10.76 W/m²,0 W,13.99 W/m²,132 W,2438,03 - Floor
215249,,,Unknown,3,0,0,0,0,0,0 W,0.00 W/m²,0 W,0.00 W/m²,64 m²,29 m²,-1,0,-1,0.00 W/m²,0.00 W/m²,0.00 L/(s·m²),-2000160,1200,0,-1,3Yc17Oys91HBxqG5CiJ1_h,59 W,0,2438,Instruction,303,0,34031,New Construction,New Construction,20.00%,0,73 W,0 W,10.76 W/m²,0 W,13.99 W/m²,132 W,2438,03 - Floor
216393,,,Unknown,2,0,0,0,0,0,0 W,0.00 W/m²,0 W,0.00 W/m²,48 m²,29 m²,-1,0,-1,0.00 W/m²,0.00 W/m²,0.00 L/(s·m²),-2000160,1200,0,-1,1wJoqPkIP4J8fINgm5A1pR,59 W,0,2438,Instruction,304,0,30031,New Construction,New Construction,20.00%,0,73 W,0 W,10.76 W/m²,0 W,13.99 W/m²,132 W,2438,03 - Floor
216413,,,Unknown,2,0,0,0,0,0,0 W,0.00 W/m²,0 W,0.00 W/m²,64 m²,29 m²,-1,0,-1,0.00 W/m²,0.00 W/m²,0.00 L/(s·m²),-2000160,1200,0,-1,1wJoqPkIP4J8fINgm5A1pF,59 W,0,2438,Instruction,305,0,34031,New Construction,New Construction,20.00%,0,73 W,0 W,10.76 W/m²,0 W,13.99 W/m²,132 W,2438,03 - Floor
216415,,,Unknown,1,0,0,0,0,0,0 W,0.00 W/m²,0 W,0.00 W/m²,73 m²,29 m²,-1,0,-1,0.00 W/m²,0.00 W/m²,0.00 L/(s·m²),-2000160,1200,0,-1,1wJoqPkIP4J8fINgm5A1pD,59 W,0,2438,Instruction,306,0,38149,New Construction,New Construction,20.00%,0,73 W,0 W,10.76 W/m²,0 W,13.99 W/m²,132 W,2438,03 - Floor
216417,,,Unknown,1,0,0,0,0,0,0 W,0.00 W/m²,0 W,0.00 W/m²,13 m²,29 m²,-1,0,-1,0.00 W/m²,0.00 W/m²,0.00 L/(s·m²),-2000160,1200,0,-1,1wJoqPkIP4J8fINgm5A1pp,59 W,0,2438,Men,307,0,16121,New Construction,New Construction,20.00%,0,73 W,0 W,10.76 W/m²,0 W,13.99 W/m²,132 W,2438,03 - Floor
216419,,,Unknown,1,0,0,0,0,0,0 W,0.00 W/m²,0 W,0.00 W/m²,14 m²,29 m²,-1,0,-1,0.00 W/m²,0.00 W/m²,0.00 L/(s·m²),-2000160,1200,0,-1,1wJoqPkIP4J8fINgm5A1pn,59 W,0,2438,Women,308,0,16316,New Construction,New Construction,20.00%,0,73 W,0 W,10.76 W/m²,0 W,13.99 W/m²,132 W,2438,03 - Floor
216421,,,Unknown,0,0,0,0,0,0,0 W,0.00 W/m²,0 W,0.00 W/m²,38 m²,29 m²,-1,0,-1,0.00 W/m²,0.00 W/m²,0.00 L/(s·m²),-2000160,1200,0,-1,1wJoqPkIP4J8fINgm5A1pt,59 W,0,2438,Lounge,309,0,28608,New Construction,New Construction,20.00%,0,73 W,0 W,10.76 W/m²,0 W,13.99 W/m²,132 W,2438,03 - Floor
216423,,,Unknown,0,0,0,0,0,0,0 W,0.00 W/m²,0 W,0.00 W/m²,7 m²,29 m²,-1,0,-1,0.00 W/m²,0.00 W/m²,0.00 L/(s·m²),-2000160,1200,0,-1,1wJoqPkIP4J8fINgm5A1pr,59 W,0,2438,Electrical,310,0,11799,New Construction,New Construction,20.00%,0,73 W,0 W,10.76 W/m²,0 W,13.99 W/m²,132 W,2438,03 - Floor
216433,,,Unknown,0,0,0,0,0,0,0 W,0.00 W/m²,0 W,0.00 W/m²,19 m²,29 m²,-1,0,-1,0.00 W/m²,0.00 W/m²,0.00 L/(s·m²),-2000160,1200,0,-1,1wJoqPkIP4J8fINgm5A1pZ,59 W,0,2438,Stair,312,0,19812,New Construction,New Construction,20.00%,0,73 W,0 W,10.76 W/m²,0 W,13.99 W/m²,132 W,2438,03 - Floor
216438,,,Unknown,0,0,0,0,0,0,0 W,0.00 W/m²,0 W,0.00 W/m²,77 m²,29 m²,-1,0,-1,0.00 W/m²,0.00 W/m²,0.00 L/(s·m²),-2000160,1200,0,-1,1wJoqPkIP4J8fINgm5A1pa,59 W,0,2438,Instruction,313,0,39138,New Construction,New Construction,20.00%,0,73 W,0 W,10.76 W/m²,0 W,13.99 W/m²,132 W,2438,03 - Floor
216440,,,Unknown,1,0,0,0,0,0,0 W,0.00 W/m²,0 W,0.00 W/m²,81 m²,29 m²,-1,0,-1,0.00 W/m²,0.00 W/m²,0.00 L/(s·m²),-2000160,1200,0,-1,1wJoqPkIP4J8fINgm5A1pg,59 W,0,2438,Instruction,314,0,39916,New Construction,New Construction,20.00%,0,73 W,0 W,10.76 W/m²,0 W,13.99 W/m²,132 W,2438,03 - Floor
216442,,,Unknown,0,0,0,0,0,0,0 W,0.00 W/m²,0 W,0.00 W/m²,49 m²,29 m²,-1,0,-1,0.00 W/m²,0.00 W/m²,0.00 L/(s·m²),-2000160,1200,0,-1,1wJoqPkIP4J8fINgm5A1pe,59 W,0,2438,Instruction,315,0,30169,New Construction,New Construction,20.00%,0,73 W,0 W,10.76 W/m²,0 W,13.99 W/m²,132 W,2438,03 - Floor
216444,,,Unknown,0,0,0,0,0,0,0 W,0.00 W/m²,0 W,0.00 W/m²,7 m²,29 m²,-1,0,-1,0.00 W/m²,0.00 W/m²,0.00 L/(s·m²),-2000160,1200,0,-1,1wJoqPkIP4J8fINgm5A1pk,59 W,0,2438,Storage,316,0,10546,New Construction,New Construction,20.00%,0,73 W,0 W,10.76 W/m²,0 W,13.99 W/m²,132 W,2438,03 - Floor
216446,,,Unknown,0,0,0,0,0,0,0 W,0.00 W/m²,0 W,0.00 W/m²,16 m²,29 m²,-1,0,-1,0.00 W/m²,0.00 W/m²,0.00 L/(s·m²),-2000160,1200,0,-1,1wJoqPkIP4J8fINgm5A1pi,59 W,0,2438,Electrical,317,0,16846,New Construction,New Construction,20.00%,0,73 W,0 W,10.76 W/m²,0 W,13.99 W/m²,132 W,2438,03 - Floor
216455,,,Unknown,11,3,29,2,11,0,0 W,0.00 W/m²,0 W,0.00 W/m²,323 m²,29 m²,-1,0,-1,0.00 W/m²,0.00 W/m²,0.00 L/(s·m²),-2000160,1200,0,-1,1wJoqPkIP4J8fINgm5A1mL,59 W,0,2438,Lobby,318,0,112126,New Construction,New Construction,20.00%,0,73 W,0 W,10.76 W/m²,0 W,13.99 W/m²,132 W,2438,03 - Floor
216457,,,Unknown,1,0,0,0,0,0,0 W,0.00 W/m²,0 W,0.00 W/m²,44 m²,29 m²,-1,0,-1,0.00 W/m²,0.00 W/m²,0.00 L/(s·m²),-2000160,1200,0,-1,1wJoqPkIP4J8fINgm5A1mR,59 W,0,2438,Media Review,319,0,29031,New Construction,New Construction,20.00%,0,73 W,0 W,10.76 W/m²,0 W,13.99 W/m²,132 W,2438,03 - Floor
216459,,,Unknown,0,0,0,0,0,0,0 W,0.00 W/m²,0 W,0.00 W/m²,53 m²,29 m²,-1,0,-1,0.00 W/m²,0.00 W/m²,0.00 L/(s·m²),-2000160,1200,0,-1,1wJoqPkIP4J8fINgm5A1mP,59 W,0,2438,Media Review,320,0,31094,New Construction,New Construction,20.00%,0,73 W,0 W,10.76 W/m²,0 W,13.99 W/m²,132 W,2438,03 - Floor
216461,,,Unknown,1,0,0,0,0,0,0 W,0.00 W/m²,0 W,0.00 W/m²,132 m²,29 m²,-1,0,-1,0.00 W/m²,0.00 W/m²,0.00 L/(s·m²),-2000160,1200,0,-1,1wJoqPkIP4J8fINgm5A1mV,59 W,0,2438,Open Office,321,0,56209,New Construction,New Construction,20.00%,0,73 W,0 W,10.76 W/m²,0 W,13.99 W/m²,132 W,2438,03 - Floor
216463,,,Unknown,0,0,0,0,0,0,0 W,0.00 W/m²,0 W,0.00 W/m²,59 m²,29 m²,-1,0,-1,0.00 W/m²,0.00 W/m²,0.00 L/(s·m²),-2000160,1200,0,-1,1wJoqPkIP4J8fINgm5A1mT,59 W,0,2438,Administration,322,0,34267,New Construction,New Construction,20.00%,0,73 W,0 W,10.76 W/m²,0 W,13.99 W/m²,132 W,2438,03 - Floor
216465,,,Unknown,1,0,0,0,0,0,0 W,0.00 W/m²,0 W,0.00 W/m²,6 m²,29 m²,-1,0,-1,0.00 W/m²,0.00 W/m²,0.00 L/(s·m²),-2000160,1200,0,-1,1wJoqPkIP4J8fINgm5A1m3,59 W,0,2438,Electrical,323,0,9488,New Construction,New Construction,20.00%,0,73 W,0 W,10.76 W/m²,0 W,13.99 W/m²,132 W,2438,03 - Floor
216467,,,Unknown,0,0,0,0,0,4,0 W,0.00 W/m²,0 W,0.00 W/m²,50 m²,29 m²,-1,0,-1,0.00 W/m²,0.00 W/m²,0.00 L/(s·m²),-2000160,1200,0,-1,1wJoqPkIP4J8fINgm5A1m1,59 W,0,2438,Advisors,324,0,30537,New Construction,New Construction,20.00%,0,73 W,0 W,10.76 W/m²,0 W,13.99 W/m²,132 W,2438,03 - Floor
216478,,,Unknown,0,0,0,0,0,5,0 W,0.00 W/m²,0 W,0.00 W/m²,60 m²,29 m²,-1,0,-1,0.00 W/m²,0.00 W/m²,0.00 L/(s·m²),-2000160,1200,0,-1,1wJoqPkIP4J8fINgm5A1mC,59 W,0,2438,Conference,325,0,34788,New Construction,New Construction,20.00%,0,73 W,0 W,10.76 W/m²,0 W,13.99 W/m²,132 W,2438,03 - Floor
216480,,,Unknown,0,0,0,0,0,0,0 W,0.00 W/m²,0 W,0.00 W/m²,6 m²,29 m²,-1,0,-1,0.00 W/m²,0.00 W/m²,0.00 L/(s·m²),-2000160,1200,0,-1,1wJoqPkIP4J8fINgm5A1mo,59 W,0,2438,Toilet,326,0,9465,New Construction,New Construction,20.00%,0,73 W,0 W,10.76 W/m²,0 W,13.99 W/m²,132 W,2438,03 - Floor
216482,,,Unknown,0,0,0,0,0,0,0 W,0.00 W/m²,0 W,0.00 W/m²,19 m²,29 m²,-1,0,-1,0.00 W/m²,0.00 W/m²,0.00 L/(s·m²),-2000160,1200,0,-1,1wJoqPkIP4J8fINgm5A1mm,59 W,0,2438,Stair,327,0,19812,New Construction,New Construction,20.00%,0,73 W,0 W,10.76 W/m²,0 W,13.99 W/m²,132 W,2438,03 - Floor
216484,,,Unknown,4,0,0,0,0,0,0 W,0.00 W/m²,0 W,0.00 W/m²,55 m²,29 m²,-1,0,-1,0.00 W/m²,0.00 W/m²,0.00 L/(s·m²),-2000160,1200,0,-1,1wJoqPkIP4J8fINgm5A1ms,59 W,0,2438,Corridor,328,0,47793,New Construction,New Construction,20.00%,0,73 W,0 W,10.76 W/m²,0 W,13.99 W/m²,132 W,2438,03 - Floor
217810,,,Unknown,0,0,0,0,0,0,0 W,0.00 W/m²,0 W,0.00 W/m²,32 m²,29 m²,-1,0,-1,0.00 W/m²,0.00 W/m²,0.00 L/(s·m²),-2000160,1200,0,-1,1DRIgGmAHBt9Ugpf6z41Pv,59 W,0,2438,Lounge,206,0,26031,New Construction,New Construction,20.00%,0,73 W,0 W,10.76 W/m²,0 W,13.99 W/m²,132 W,2438,02 - Floor
217811,,,Unknown,0,0,0,0,0,0,0 W,0.00 W/m²,0 W,0.00 W/m²,32 m²,29 m²,-1,0,-1,0.00 W/m²,0.00 W/m²,0.00 L/(s·m²),-2000160,1200,0,-1,1DRIgGmAHBt9Ugpf6z41Pu,59 W,0,2438,Copy/Print,207,0,24146,New Construction,New Construction,20.00%,0,73 W,0 W,10.76 W/m²,0 W,13.99 W/m²,132 W,2438,02 - Floor
217812,,,Unknown,0,0,0,0,0,0,0 W,0.00 W/m²,0 W,0.00 W/m²,48 m²,29 m²,-1,0,-1,0.00 W/m²,0.00 W/m²,0.00 L/(s·m²),-2000160,1200,0,-1,1DRIgGmAHBt9Ugpf6z41P$,59 W,0,2438,Drafting,208,0,30031,New Construction,New Construction,20.00%,0,73 W,0 W,10.76 W/m²,0 W,13.99 W/m²,132 W,2438,02 - Floor
217813,,,Unknown,0,0,0,0,0,0,0 W,0.00 W/m²,0 W,0.00 W/m²,73 m²,29 m²,-1,0,-1,0.00 W/m²,0.00 W/m²,0.00 L/(s·m²),-2000160,1200,0,-1,1DRIgGmAHBt9Ugpf6z41P_,59 W,0,2438,Computer Lab,209,0,38149,New Construction,New Construction,20.00%,0,73 W,0 W,10.76 W/m²,0 W,13.99 W/m²,132 W,2438,02 - Floor
